{"start": [10, -1], "finish": [5, 23], "obstacles": [[[6.561007601825429, 7.210632300654494], [8.31776485755118, 12.32431988542546], [2.4700112152073146, 9.26329838153193], [6.561007601825429, 7.210632300654494]], [[9.683373934823225, 1.2711638210442744], [13.134575705912859, 2.1261326088004493], [10.221414219442874, 4.562822637536737], [9.683373934823225, 1.2711638210442744]], [[5.2335360375413975, 0.4247570412798418], [7.600499857434114, 3.2695185691444384], [4.973596646986512, 2.4640673893419724], [5.2335360375413975, 0.4247570412798418]], [[7.74085237224946, 13.75006152678294], [9.305892388379956, 16.0742236443536], [4.715464720436904, 16.051184028177257], [7.74085237224946, 13.75006152678294]], [[18.058185046018785, 6.92272437115631], [13.763789187339604, 10.275428086891903], [12.544507633438165, 7.697308322135607], [18.058185046018785, 6.92272437115631]], [[11.839936351489143, 12.671873680313857], [16.29511051656985, 16.323992668732718], [11.840176141670897, 18.225058975606636], [11.839936351489143, 12.671873680313857]], [[10.859584935148625, 17.890516378886385], [15.052611824048178, 20.24606504467273], [9.728064914868346, 21.659048255781016], [10.859584935148625, 17.890516378886385]], [[5.654396399776196, 19.051441671775475], [8.408011855009557, 23.100677028223785], [3.872130247509719, 20.46886272976441], [5.654396399776196, 19.051441671775475]], [[3.051763466364965, 16.249672483114338], [2.338529851405975, 20.05418050458129], [0.09329003813363368, 18.73305492541432], [3.051763466364965, 16.249672483114338]], [[0.7198902699251608, 14.745830094107067], [0.5299072247443831, 17.90704014391274], [-2.2828001179958703, 15.48718490938635], [0.7198902699251608, 14.745830094107067]], [[18.974176686792006, 19.07795348269127], [23.160552804417193, 19.389351147239935], [19.650981533373034, 21.457792503983097], [18.974176686792006, 19.07795348269127]], [[18.751701720512614, 1.9196019273008802], [18.99326083207657, 5.203892951904271], [15.8739060044383, 3.3810863008256544], [18.751701720512614, 1.9196019273008802]], [[9.581762125083097, 18.160883246358942], [9.60199805886494, 23.76193509965648], [5.690314325138857, 18.067047260816253], [9.581762125083097, 18.160883246358942]], [[7.0032263585931105, 0.5226643079927906], [9.207740924995168, 2.117503607976186], [8.871225345545755, 4.989327949379367], [7.0032263585931105, 0.5226643079927906]], [[4.113644648044192, 15.318188610262062], [4.9237746575590675, 17.268317113455936], [2.8392862113703083, 18.274127258377217], [4.113644648044192, 15.318188610262062]], [[4.973238141970575, 5.059532543584606], [6.0439561928638526, 7.292128745262505], [4.291938229655361, 7.5379601056839185], [4.973238141970575, 5.059532543584606]], [[11.875058002779749, 12.023156512749422], [9.893445401587467, 15.576582341575099], [8.320580646682403, 12.24924589371723], [11.875058002779749, 12.023156512749422]], [[17.847147472169066, 9.866804747466983], [15.88176002652225, 15.092927533692228], [13.818175324529271, 12.18102439105973], [17.847147472169066, 9.866804747466983]], [[10.56563003956291, 10.125255511688948], [13.62704139417991, 11.132797579163679], [11.993397507299461, 11.749170184347529], [10.56563003956291, 10.125255511688948]], [[17.123098488544212, 18.718300623979957], [18.716114381074856, 22.345922817186846], [15.069616544692076, 19.686879787061965], [17.123098488544212, 18.718300623979957]], [[0.9829256914104989, 19.70419541383047], [1.0949865842131117, 24.337612516903672], [-1.8669145978970807, 20.76712410285808], [0.9829256914104989, 19.70419541383047]], [[11.698473068141265, 9.326223268404988], [7.5808291367600145, 9.695198946046705], [9.387413886889776, 8.314029126202989], [11.698473068141265, 9.326223268404988]], [[14.120746339984189, 4.260189783660078], [11.651577041473233, 4.958040718224736], [12.552013941186267, 2.613712629841734], [14.120746339984189, 4.260189783660078]], [[13.038633159597994, 4.724233338951491], [11.631444910640413, 6.61072755089094], [9.209771164856194, 5.6214174677593824], [13.038633159597994, 4.724233338951491]], [[19.132541832619978, 1.433072785718701], [15.953942056022571, 2.5082661261901777], [15.856275974693709, -0.42012726661119437], [19.132541832619978, 1.433072785718701]]]}