{"start": [25, 40], "finish": [20, 0], "obstacles": [[[33.92766088456775, 24.076580597529095], [41.00821299390749, 27.56640083959163], [33.55386081577145, 33.12825018163389], [33.92766088456775, 24.076580597529095]], [[12.168671366702155, 29.934491862536188], [5.171624228674785, 30.153192599617192], [10.113457369097137, 22.276346857602604], [12.168671366702155, 29.934491862536188]], [[26.18120545061162, 17.688128319905545], [21.01038666704143, 24.60600966673048], [23.03200177619141, 15.916049094927784], [26.18120545061162, 17.688128319905545]], [[37.89748875069707, 16.543847661185783], [34.86333708989881, 18.096725100730254], [32.339310985712764, 14.70822478727746], [37.89748875069707, 16.543847661185783]], [[41.63684976035185, 32.26545463931868], [45.004956126074966, 35.545662910347026], [43.30181432658301, 38.69922618377831], [41.63684976035185, 32.26545463931868]], [[20.84601291798232, 20.93071221871202], [13.986792563979801, 25.306853904142834], [15.081240983841937, 14.79449792276222], [20.84601291798232, 20.93071221871202]], [[30.189888030605943, 27.225434883351372], [32.631292359723155, 32.08655906062662], [27.107506877320386, 32.3044512231082], [30.189888030605943, 27.225434883351372]], [[29.21170221020704, 2.2170017161977027], [23.36776282342486, 4.850199253296548], [25.16823378141074, -5.69168009183154], [29.21170221020704, 2.2170017161977027]], [[2.110597976974687, 38.599352987538744], [-4.690784493902176, 42.747221589952474], [-2.670572641820937, 37.186231669477316], [2.110597976974687, 38.599352987538744]], [[8.174460241472154, 12.20921503254193], [7.560215039195844, 16.383183041278336], [0.7674261771037827, 15.005039925502482], [8.174460241472154, 12.20921503254193]], [[0.7678803569470205, 29.603223471581597], [-1.632311829175299, 33.1574083259648], [-2.840277497846377, 31.17549826644091], [0.7678803569470205, 29.603223471581597]], [[8.295842658598174, 14.798536317336797], [13.649853701166204, 17.301389919832324], [11.31050322755781, 22.217123101499183], [8.295842658598174, 14.798536317336797]], [[6.938958547098034, 31.417836560969796], [10.983853615671306, 32.00847745339446], [5.886929447959943, 40.06899044791249], [6.938958547098034, 31.417836560969796]], [[6.354217072987262, 42.53666203306437], [6.631898019565889, 45.76137839928189], [-0.3421962745144258, 44.752076303974796], [6.354217072987262, 42.53666203306437]], [[27.322183152924495, 21.891900657641788], [26.89475468898433, 26.71123576483353], [19.969278643380054, 27.575486856552743], [27.322183152924495, 21.891900657641788]], [[31.30156430639052, 11.083179026551676], [27.38139496821261, 12.880856024596458], [28.517195797790748, 8.416198778110903], [31.30156430639052, 11.083179026551676]], [[40.32705547511105, 35.19364283668808], [39.517242016345875, 40.22288787123532], [36.43000984910181, 38.37085490646609], [40.32705547511105, 35.19364283668808]], [[10.940169618975592, 45.46892928680964], [18.91430594023094, 48.262892062692735], [13.38913291886823, 48.85586549608138], [10.940169618975592, 45.46892928680964]], [[20.69286099704349, 21.992721828618862], [19.593856671812436, 28.4996421556807], [17.955731486603124, 23.99266467457743], [20.69286099704349, 21.992721828618862]], [[1.1874290271651489, 23.672600109964257], [-7.084568719443424, 26.726693034889138], [-1.2581159170183807, 21.51719497847111], [1.1874290271651489, 23.672600109964257]], [[43.38352352270844, 39.94667951306736], [45.89954475717529, 42.85236405493441], [40.95275493164651, 47.161001759934976], [43.38352352270844, 39.94667951306736]], [[11.378150100756685, 5.977444405291255], [11.560957520949115, 11.028385406911298], [3.326054532745175, 6.844887739190642], [11.378150100756685, 5.977444405291255]], [[13.614388421661255, 0.5322166789086147], [11.12508545269474, 5.426373153452204], [9.723504389543386, 0.8643935749089209], [13.614388421661255, 0.5322166789086147]], [[20.3901468319931, 28.877353797082083], [20.582682316787515, 32.479708289350526], [15.481311198813586, 29.769944015591022], [20.3901468319931, 28.877353797082083]], [[18.904802912449775, 3.761602207279174], [18.958501506995226, 10.909725610662345], [15.169530275859676, 4.814197077684788], [18.904802912449775, 3.761602207279174]], [[31.194046408460924, 34.73223660612377], [34.98334726325504, 42.44515641748742], [29.255307318392116, 43.22414335822584], [31.194046408460924, 34.73223660612377]], [[49.930619704577595, 38.830843294129664], [46.68598501821446, 41.123865881329635], [46.575749528554134, 39.009262869602296], [49.930619704577595, 38.830843294129664]], [[39.00254404759242, 13.358805879275405], [33.983277941592966, 14.076545931531346], [35.79190590568934, 10.293210349057938], [39.00254404759242, 13.358805879275405]], [[20.32282607425045, 46.47782523816029], [22.963903955609585, 48.447663903022445], [17.194022529079895, 52.174141807154975], [20.32282607425045, 46.47782523816029]], [[14.469676781922075, 2.03088427554321], [14.23868926907202, 10.413460156372315], [12.37536615855281, 5.164613589580325], [14.469676781922075, 2.03088427554321]]]}