{"start": [20, 22], "finish": [0, 0], "obstacles": [[[7.491644828513461, 15.658258387736339], [10.394998312114106, 17.63973324360301], [7.469917083823613, 17.819401357484942], [7.491644828513461, 15.658258387736339]], [[15.906477648547535, 19.689839186938013], [13.992918024716408, 22.132902885418687], [12.665933567411429, 18.201598740253903], [15.906477648547535, 19.689839186938013]], [[1.6108273137025186, 4.377827362531783], [-1.7930763027117256, 5.656254770672461], [0.2548419082930453, 3.9303099603420146], [1.6108273137025186, 4.377827362531783]], [[19.550039892654635, 8.991845322381915], [20.228272513043393, 10.349837262011327], [18.075879458415876, 12.192153827768257], [19.550039892654635, 8.991845322381915]], [[5.377964144848315, 4.389688979003754], [5.377864008183388, 6.924280103721309], [3.5369085041944324, 5.226406519229618], [5.377964144848315, 4.389688979003754]], [[8.021519046834642, 1.767397095537877], [8.267235257632521, 3.4719852246919123], [5.949197835302712, 3.9916694587415367], [8.021519046834642, 1.767397095537877]], [[8.572738363648947, 11.949630184685242], [6.8589186852857225, 13.181354984068435], [4.925286355496972, 11.950947325586021], [8.572738363648947, 11.949630184685242]], [[7.272726675876187, 4.01494184941029], [9.84050375318144, 6.230093942556072], [6.135996435592729, 5.979796535486823], [7.272726675876187, 4.01494184941029]], [[0.3243861794929903, 0.5691935184054553], [2.052361898651783, 0.9728611726010233], [1.9808421738026216, 2.8076521223057584], [0.3243861794929903, 0.5691935184054553]], [[5.75680253656248, 15.17948871718316], [3.8606595113317557, 15.348862291523716], [4.637907552119096, 14.586066555131717], [5.75680253656248, 15.17948871718316]], [[0.0292336364720458, 0.9409171980221731], [0.34867546154601176, 3.3380644747422816], [-3.398172325365836, 1.358385117800292], [0.0292336364720458, 0.9409171980221731]], [[17.312513098544862, 18.95110813258047], [18.725210852534378, 19.756166993507744], [17.99828326749561, 20.202142606593135], [17.312513098544862, 18.95110813258047]], [[8.055195924685485, 9.057247917944931], [10.102142425035083, 11.112760492441042], [7.012323086655892, 10.355158143250836], [8.055195924685485, 9.057247917944931]], [[17.36727920313282, 17.88290948370813], [16.833443731481008, 20.280127339205585], [15.776535965577455, 19.13117039026134], [17.36727920313282, 17.88290948370813]], [[16.80474110942877, 0.20316973546579797], [17.484136664673855, 2.5767390456224715], [15.333899448050367, 1.4283802783088153], [16.80474110942877, 0.20316973546579797]], [[11.431455461738466, 17.465928624932022], [11.361169432372995, 20.746674852545148], [9.149466288644117, 18.11587153875112], [11.431455461738466, 17.465928624932022]], [[13.785959543550138, 8.01920435247893], [14.11786226636784, 10.516628893103261], [11.36286025713728, 10.717185845136965], [13.785959543550138, 8.01920435247893]], [[7.945548039752792, 19.847679972622466], [7.2160108327993955, 23.33887222659448], [5.364477454694489, 20.96845612085751], [7.945548039752792, 19.847679972622466]]]}