{"start": [27, 13], "finish": [5, 15], "obstacles": [[[17.84131478351845, 26.737501257335843], [20.931501090188082, 28.18987823923328], [18.78206750567219, 31.699768206966013], [17.84131478351845, 26.737501257335843]], [[25.530440651225355, 9.957127991196463], [25.942316203856034, 14.20217294100162], [21.580229314822127, 12.164271110480456], [25.530440651225355, 9.957127991196463]], [[26.764289078609877, 29.62402988661481], [27.056281647523836, 35.16545572133163], [23.58891566075642, 31.177258064946002], [26.764289078609877, 29.62402988661481]], [[11.664468093649479, 11.237783861406422], [12.35509767038867, 15.322456917926779], [7.9635133819968775, 12.526637306025515], [11.664468093649479, 11.237783861406422]], [[8.883251165581118, 16.99562058846877], [6.724189338056391, 20.453087694852126], [4.233915378306556, 17.55117029630504], [8.883251165581118, 16.99562058846877]], [[11.073968540747567, 27.885668692526878], [11.757325105263982, 31.830441217896073], [7.666312540843383, 32.03012970662561], [11.073968540747567, 27.885668692526878]], [[21.47312763975644, 26.062070081895993], [24.82948620618537, 28.286817421265958], [21.780594498302133, 29.673786204719416], [21.47312763975644, 26.062070081895993]], [[8.20928128223826, 13.045295685240944], [7.954678336770978, 16.661336833426862], [4.909876084555715, 13.338201317812267], [8.20928128223826, 13.045295685240944]], [[13.713592590496992, 26.515620688347884], [12.18275353734042, 27.84821409340993], [10.319136940352452, 25.23546225579129], [13.713592590496992, 26.515620688347884]], [[4.888330845142893, 26.16691627681904], [1.8679179970125528, 29.679049632389603], [-0.6882425040182119, 25.95778538903767], [4.888330845142893, 26.16691627681904]], [[1.1902134867352288, 18.37892394968964], [4.948152349025261, 18.532755963114916], [1.7842546592576993, 21.47023586490136], [1.1902134867352288, 18.37892394968964]], [[4.982665753493288, 5.34773393904811], [3.364158974360925, 7.903734800247779], [1.7796927205189474, 5.303936699711762], [4.982665753493288, 5.34773393904811]], [[23.515029075274818, 1.1081062518981144], [26.442840702840602, 1.8037970336279958], [23.928667085539217, 3.3050865424018943], [23.515029075274818, 1.1081062518981144]], [[6.559613511985399, 10.427661429953453], [9.393910364363528, 10.77513084685504], [6.360516896709682, 12.743012752559377], [6.559613511985399, 10.427661429953453]], [[22.070401450009836, 5.51588925850163], [20.070407255552315, 6.703236221166299], [18.28716183137807, 4.2645736819163265], [22.070401450009836, 5.51588925850163]], [[18.05801859780229, 14.084957371880794], [17.276104877361572, 18.947839837203585], [15.63856860947513, 15.590691813524026], [18.05801859780229, 14.084957371880794]], [[16.431699561655467, 27.45193243669392], [14.486261027688094, 28.015224967305567], [15.213376169802245, 23.756563067602666], [16.431699561655467, 27.45193243669392]], [[13.436335128769723, 22.25811221272174], [9.458301660782249, 22.517358218654007], [11.438772345336282, 20.813033877558368], [13.436335128769723, 22.25811221272174]], [[19.394009182279106, 16.534236363892674], [21.02939762454018, 17.9700121496849], [16.528174803936853, 20.766309662869467], [19.394009182279106, 16.534236363892674]], [[5.123699214886425, 0.09294257734352995], [7.8352431467192645, 1.8253618163960668], [6.053564385708985, 2.6954426105796703], [5.123699214886425, 0.09294257734352995]]]}