{"start": [0, 1], "finish": [15, 7], "obstacles": [[[7.800607710852139, 13.843268904397503], [5.872401151675777, 17.271521182499956], [5.889848871645841, 14.106129331363011], [7.800607710852139, 13.843268904397503]], [[4.651792153635065, 11.593985116018448], [3.5580455370649315, 12.886886232374156], [0.7613553900626626, 11.693376119669256], [4.651792153635065, 11.593985116018448]], [[10.451294060185973, 4.108310105473189], [9.17825411594646, 7.677252868658845], [8.666190306647069, 5.467417803070163], [10.451294060185973, 4.108310105473189]], [[9.27242920916907, 9.470559155189584], [11.630574958095849, 11.659525010590194], [7.4614210770391765, 12.875113778673356], [9.27242920916907, 9.470559155189584]], [[11.238188334611825, 12.634661850205429], [12.946195684709979, 14.167095431910216], [10.52699419613918, 14.100757344405274], [11.238188334611825, 12.634661850205429]], [[5.734857386335971, 0.9622425837297927], [7.901643989551653, 3.8021372645774747], [5.644475016520235, 2.861229981173178], [5.734857386335971, 0.9622425837297927]], [[13.028385145630057, 4.690639800615818], [11.417616444457872, 7.371777409627574], [10.9180438351143, 5.236977800361233], [13.028385145630057, 4.690639800615818]], [[12.193947634566921, 6.789291366049799], [11.53313301366446, 9.61236490796634], [10.038381833649101, 8.992400831099332], [12.193947634566921, 6.789291366049799]], [[5.21513721757856, 1.020378185803844], [4.771657630381961, 3.777711104445885], [3.2713663870947607, 0.6998559922022322], [5.21513721757856, 1.020378185803844]], [[7.714768456954914, 1.0191868225518146], [8.387010201959246, 3.4411843797909483], [7.041383302296289, 2.433235172308025], [7.714768456954914, 1.0191868225518146]], [[8.9276447962133, 4.783005057708457], [7.37020041533083, 6.22730356485898], [7.224190415430602, 4.795257082380515], [8.9276447962133, 4.783005057708457]], [[2.5963078476676085, 8.665911705021003], [2.8904488515609095, 10.462383627475464], [1.6255796187902052, 10.20787293083088], [2.5963078476676085, 8.665911705021003]], [[10.33048713620412, 13.380423029203508], [10.533468603793073, 15.94437653497469], [7.267498766916546, 15.27865537719934], [10.33048713620412, 13.380423029203508]], [[1.3260852275965855, 14.560173429790273], [1.4596642013617445, 16.867312026185413], [-2.0043320552674473, 16.858895257657892], [1.3260852275965855, 14.560173429790273]], [[2.3585790218901383, 1.1073141108127533], [2.9172034055791203, 4.464188136612809], [-1.1482363909217468, 2.4870293501635885], [2.3585790218901383, 1.1073141108127533]]]}