{"start": [40, 30], "finish": [70, 120], "obstacles": [[[12.913415113681303, 4.046380970957697], [13.753812779660661, 12.686028438964414], [7.374704842025332, 11.208657741231457], [12.913415113681303, 4.046380970957697]], [[91.36542691716973, 33.202066238566886], [98.28268776477945, 34.22979020334323], [102.31634096129208, 44.8880346898118], [91.36542691716973, 33.202066238566886]], [[65.03949289386772, 33.49471989375387], [71.22712487057491, 43.198755381532266], [61.123142263133275, 43.256453209613454], [65.03949289386772, 33.49471989375387]], [[9.445103337233773, 16.450742338238555], [7.251175555170848, 25.79406699988283], [3.3211471539096316, 17.887547288046164], [9.445103337233773, 16.450742338238555]], [[43.25402915616585, 45.87877553738756], [55.67078146637758, 49.3465551174137], [39.665678532447174, 64.20454703152603], [43.25402915616585, 45.87877553738756]], [[92.5193316474679, 54.755728990294436], [92.34869915822593, 64.68374304238634], [86.77340935167527, 61.35999987198036], [92.5193316474679, 54.755728990294436]], [[57.538090596211525, 90.64247832144659], [71.42968686380489, 102.80862853228174], [55.47311303238443, 97.60471730937562], [57.538090596211525, 90.64247832144659]], [[35.13962191208178, 42.77652769429139], [41.968360380793314, 45.69736981474869], [38.41665939049872, 48.49981396077998], [35.13962191208178, 42.77652769429139]], [[68.94824432811069, 53.69131256726198], [83.29970103244112, 56.56392331235156], [77.2474389424013, 68.32870822490945], [68.94824432811069, 53.69131256726198]], [[54.47321435603333, 6.373260271721248], [65.09322022408982, 15.570186636245511], [51.72347321981676, 17.068202375806663], [54.47321435603333, 6.373260271721248]], [[28.32680928296165, 20.41298668202909], [30.80485513270411, 35.43660169142221], [18.409397760492922, 24.075403612731105], [28.32680928296165, 20.41298668202909]], [[62.83196379593118, 43.771471182569854], [76.59084371987772, 50.21749456751715], [58.47326035048897, 53.19906390729227], [62.83196379593118, 43.771471182569854]], [[77.61365874417987, 36.743473562597295], [80.28343385406113, 45.02862514977861], [71.47024494366192, 40.1984943815139], [77.61365874417987, 36.743473562597295]], [[44.74617629231346, 82.04437663860753], [57.281816650666485, 84.16541615134669], [50.25474837620075, 89.42488177707563], [44.74617629231346, 82.04437663860753]], [[85.60042930529535, 28.939956102964203], [85.07508490545715, 41.43003149533233], [76.56720350797225, 34.69329277056979], [85.60042930529535, 28.939956102964203]], [[85.53690122664106, 48.775232816649265], [94.79668784532865, 50.2899090889067], [89.41796860375169, 56.29295300522684], [85.53690122664106, 48.775232816649265]], [[11.77462536546895, 52.870991275438016], [23.655184341809417, 64.25531159922025], [6.268448277350088, 63.02341250301785], [11.77462536546895, 52.870991275438016]], [[36.74960312882616, 74.69467872272173], [41.0420146844724, 79.92159540478761], [35.21100402294213, 88.41645648138721], [36.74960312882616, 74.69467872272173]], [[23.43921935480259, 32.13741054991509], [29.77751242864897, 34.70284543875127], [22.78523004671454, 41.93296118277686], [23.43921935480259, 32.13741054991509]], [[65.7267577752268, 19.560705601956265], [67.78989156420312, 27.17968365900243], [57.2981988753494, 31.487173686603768], [65.7267577752268, 19.560705601956265]], [[33.30119377275843, 66.82184867424847], [31.067780101431275, 79.44128933636996], [20.75062792556507, 70.05416692155157], [33.30119377275843, 66.82184867424847]], [[36.05228492895146, 9.40560306919912], [24.28830718617503, 12.592932381198203], [25.78806410258248, -5.879794984798213], [36.05228492895146, 9.40560306919912]], [[48.236916198194116, 65.23346541769284], [53.81752294435761, 73.82191673754598], [48.02619341566648, 72.9464645402301], [48.236916198194116, 65.23346541769284]], [[49.40013929901621, 94.15039355063502], [34.28786228308211, 97.81664742888292], [40.314397337173745, 89.16704607154855], [49.40013929901621, 94.15039355063502]], [[2.3795773738325865, 15.518028819761742], [-0.4503494622758826, 21.42183042402685], [-16.19306582525175, 13.87838099791578], [2.3795773738325865, 15.518028819761742]], [[12.399700295764182, 24.02919705376846], [15.687340252539668, 36.278753451623935], [-3.5783802825623052, 31.306430938061684], [12.399700295764182, 24.02919705376846]], [[72.22633927777, 21.267217869132736], [72.56394324131963, 28.865090717562232], [68.59657288109813, 28.474059517821857], [72.22633927777, 21.267217869132736]], [[30.531570523871075, 20.506820661141766], [43.27840085483512, 23.23923389571752], [34.879971173161415, 29.738334056232933], [30.531570523871075, 20.506820661141766]], [[3.797021909953968, 91.43447192681677], [5.961980369139044, 102.66303984057599], [-13.094581484103099, 94.75662622012483], [3.797021909953968, 91.43447192681677]], [[89.44845693988299, 67.95667612737302], [75.13359086781443, 77.70570781279895], [82.48305999219775, 65.12655199200503], [89.44845693988299, 67.95667612737302]], [[31.326259309594295, 58.04877125581138], [35.45367847612891, 65.73641599073429], [25.27173691261556, 62.2346151000155], [31.326259309594295, 58.04877125581138]], [[79.00190458921027, 94.14870019907782], [77.49500405241713, 102.78624484123269], [69.93773028307139, 96.87773140462575], [79.00190458921027, 94.14870019907782]], [[17.13809806701796, 49.013814357480655], [24.13044314988684, 54.35718481772316], [18.63957121234325, 57.0140056579204], [17.13809806701796, 49.013814357480655]], [[5.267098743351106, 34.22359187652639], [16.92234531614961, 48.62496046294948], [5.628140290528093, 47.13495796202295], [5.267098743351106, 34.22359187652639]], [[60.99442772563678, 63.76103921618282], [59.364606114499146, 76.64298014681204], [53.12835408947087, 63.86926134375436], [60.99442772563678, 63.76103921618282]], [[95.40842668718605, 81.53276592276998], [106.0463406886751, 91.81297336380914], [92.0128398132606, 92.62818641422746], [95.40842668718605, 81.53276592276998]], [[46.65532901206962, 13.493132486839155], [56.20741033716479, 22.852717225707423], [46.38178023797575, 21.72248804897295], [46.65532901206962, 13.493132486839155]], [[83.71065969450964, 80.3607527647806], [79.822695157254, 97.36862168901183], [77.35934794924461, 81.43594330648192], [83.71065969450964, 80.3607527647806]], [[1.7071466632442855, 82.32760301112275], [7.857921083617095, 88.80772453631772], [4.084345318582309, 91.31847662175393], [1.7071466632442855, 82.32760301112275]], [[7.879280331671012, 95.13227791212786], [10.517227519934625, 100.88470024918547], [5.812735591300578, 103.28281353141051], [7.879280331671012, 95.13227791212786]], [[71.69712301497954, 64.24138923201349], [60.67264620106528, 68.61616152979704], [68.3682724121693, 56.17462968906419], [71.69712301497954, 64.24138923201349]], [[18.000735706834135, 86.10579182104937], [34.60686739445592, 86.1951802136496], [22.16631013263647, 101.32303431939697], [18.000735706834135, 86.10579182104937]], [[22.30754361888674, 65.73358037886375], [17.33950693478613, 72.85119750178487], [7.746016697595449, 65.68869276529234], [22.30754361888674, 65.73358037886375]], [[34.891603883437014, 47.97764600438601], [36.94485371519157, 59.973120492639744], [28.36059357841691, 51.36031334924799], [34.891603883437014, 47.97764600438601]], [[71.56763255529792, 73.0791283043393], [66.3307111249425, 87.83366317222722], [62.26750052162059, 76.04311657356762], [71.56763255529792, 73.0791283043393]], [[5.666843022877687, 76.49273858336024], [-1.0185589508692958, 82.62319687229213], [-3.194196284679858, 72.97747652541862], [5.666843022877687, 76.49273858336024]], [[89.50180555969199, 76.34036997010823], [85.79430440435925, 89.76749552131054], [82.94383287532796, 75.6772628953408], [89.50180555969199, 76.34036997010823]], [[95.27985638862403, 95.60378163081052], [104.27199030582224, 104.54916220557061], [91.03764227202736, 105.50567778929845], [95.27985638862403, 95.60378163081052]], [[42.4617707380803, 76.55713996347899], [49.17025714094642, 81.46198624842793], [40.201825868813714, 