{"start": [5, 80], "finish": [90, 0], "obstacles": [[[52.47264672126949, 53.74690981146614], [64.32981355257257, 59.45264307267064], [55.78552570644262, 66.44583045088757], [52.47264672126949, 53.74690981146614]], [[78.22454702528835, 73.20403155385341], [77.36167792854295, 83.22726068711394], [70.15677474961899, 72.43632493123229], [78.22454702528835, 73.20403155385341]], [[0.9238319168336417, 51.867836958911944], [4.839308425408663, 59.87107005882907], [-3.7129142853060744, 57.88790386543988], [0.9238319168336417, 51.867836958911944]], [[17.883040361468943, 57.637508536684486], [19.52143615739562, 68.80397627063658], [12.488084170268595, 71.44981811725984], [17.883040361468943, 57.637508536684486]], [[15.16708413670333, 37.12087102193004], [27.378477491941133, 45.52245731818929], [10.232026679020704, 43.904181712203005], [15.16708413670333, 37.12087102193004]], [[68.08949355917063, 11.468709659857623], [67.53919947995726, 17.016262747942157], [59.20460472714211, 16.75913091786922], [68.08949355917063, 11.468709659857623]], [[65.05193072057574, 40.494326794122586], [59.62769012861285, 42.894791155168065], [58.618985549992324, 37.5280080470547], [65.05193072057574, 40.494326794122586]], [[33.33028833726512, 38.27142226431963], [32.28832367160949, 45.97285087863831], [27.143778009663436, 37.335465642165154], [33.33028833726512, 38.27142226431963]], [[62.35568689217728, 44.73404356299807], [51.48709678125679, 49.23182920951908], [57.447844766217735, 43.69691338669565], [62.35568689217728, 44.73404356299807]], [[35.025996853212135, 25.52853969890945], [35.01029820424449, 30.945146055348825], [31.405449742691548, 31.328764587554662], [35.025996853212135, 25.52853969890945]], [[79.19274743010578, 11.302957771657578], [85.50585631901558, 24.876248563362267], [75.52531404714253, 20.704631811802038], [79.19274743010578, 11.302957771657578]], [[44.35815046459075, 41.88289664364539], [33.03407049573992, 49.226028212457535], [36.55893983579949, 33.62801720565268], [44.35815046459075, 41.88289664364539]], [[49.442548371713116, 13.245803583458287], [42.472857521195266, 25.08723240710634], [39.20893563961433, 10.456563789802454], [49.442548371713116, 13.245803583458287]], [[71.70724921462109, 28.211523575637337], [64.44503602918853, 37.59322184368784], [63.47428966661546, 22.235535266935255], [71.70724921462109, 28.211523575637337]], [[14.773138810263431, 10.67793242490513], [3.5367581085283533, 13.758025018171338], [8.582022566377601, 0.6115772172075342], [14.773138810263431, 10.67793242490513]], [[40.5062982258048, 30.954862242552093], [45.8511831561034, 32.67832141598862], [45.51902026819734, 44.66412989366019], [40.5062982258048, 30.954862242552093]], [[55.784855297722515, 79.3428661273594], [47.85170081324234, 87.1460062788511], [49.27415837223438, 75.79510577725266], [55.784855297722515, 79.3428661273594]], [[45.6670767294193, 58.421739134627366], [46.12778024093855, 64.35993895979178], [34.76659932721277, 61.991022872228676], [45.6670767294193, 58.421739134627366]], [[23.028212248789444, 35.42721888414039], [15.328425094817371, 37.04418200465659], [14.653738063810724, 27.508714753276735], [23.028212248789444, 35.42721888414039]], [[58.10822627046317, 0.62799867625702], [48.973558839064, 7.1928017506847555], [48.75967086969431, 0.5441499623392427], [58.10822627046317, 0.62799867625702]], [[72.36278806089095, 4.905240200508887], [72.75851865429861, 13.463157561489764], [68.42411216961074, 8.338477828868736], [72.36278806089095, 4.905240200508887]], [[41.75974044393701, 45.62518583450348], [40.14040179798481, 58.262044884164425], [32.461270314264226, 55.01415213194712], [41.75974044393701, 45.62518583450348]], [[58.02437330185629, 2.6529458623725866], [63.1140444664608, 10.710693343841276], [56.8552550548968, 10.28430706436605], [58.02437330185629, 2.6529458623725866]], [[38.213233654719076, 62.98719980594306], [38.12386921774757, 74.40586676403281], [31.761922385729008, 70.50702401559423], [38.213233654719076, 62.98719980594306]], [[18.23638504409203, 3.81445836796372], [23.578333422179803, 5.323498274729017], [19.07330433697088, 16.097879055334168], [18.23638504409203, 3.81445836796372]], [[30.275713584194158, 22.132520329995103], [40.784649201624475, 22.282125067774956], [35.714539333328986, 25.280329165204044], [30.275713584194158, 22.132520329995103]], [[4.02871589705585, 50.012922617133036], [15.652312819494956, 55.33608683884213], [7.825095839292958, 62.83854394215062], [4.02871589705585, 50.012922617133036]], [[17.9695034527601, 11.907470582345852], [14.686445114488901, 17.92855093365322], [10.730013658739466, 15.769575655370714], [17.9695034527601, 11.907470582345852]], [[14.762903328919332, 35.91639303696916], [1.6009058717683011, 41.018700000677136], [5.39996444620038, 25.16379725318074], [14.762903328919332, 35.91639303696916]], [[66.37336101691147, 35.112088545603285], [70.92422361148093, 42.930341264116706], [64.25157552316723, 45.86672540527539], [66.37336101691147, 35.112088545603285]], [[60.786623382659485, 71.81451867684632], [59.690847755732484, 77.84250958191573], [45.84400820141685, 71.49726235499797], [60.786623382659485, 71.81451867684632]], [[61.710256595202424, 68.16978412450845], [70.2170025030442, 70.96943937659456], [62.43046153943338, 81.45721221092052], [61.710256595202424, 68.16978412450845]], [[60.67234678218361, 12.44176819154025], [55.25648108817927, 22.37701223924936], [47.682885690250885, 10.176172753075528], [60.67234678218361, 12.44176819154025]], [[10.507687221653486, 48.72491019694575], [15.56728881254956, 50.82585423568004], [13.87003051946436, 54.277113789719905], [10.507687221653486, 48.72491019694575]], [[11.544596109670104, 47.15754967422338], [4.396872265054631, 49.82668570637646], [3.9741926274231636, 42.17490728641138], [11.544596109670104, 47.15754967422338]], [[24.07846193497526, 74.55025450017158], [13.670472502454018, 77.55732695080137], [22.451743134187755, 68.76055231372655], [24.07846193497526, 74.55025450017158]], [[78.68985924411544, 56.58068968571787], [71.62560147447113, 57.03108106814856], [73.24811652887614, 43.386145481426375], [78.68985924411544, 56.58068968571787]], [[29.687758296603377, 47.972515951385894], [21.320066020907475, 52.503444134487744], [18.778979981504314, 45.844864111027384], [29.687758296603377, 47.972515951385894]], [[31.489132211939594, 46.55672420663272], [30.839028746782883, 61.26836479804928], [21.398920474303257, 54.72176552979613], [31.489132211939594, 46.55672420663272]], [[25.10222364193102, 27.878679618452836], [31.371956293063576, 34.310446404018734], [22.954399597698288, 37.76095517664885], [25.10222364193102, 27.878679618452836]], [[18.13303193944322, 4.127153469076461], [11.384791220437563, 4.958568889188057], [16.746024728578625, -1.9430975512434516], [18.13303193944322, 4.127153469076461]], [[53.375852362947796, 24.34844407368102], [63.32388562424288, 26.90496211052146], [61.28231477411755, 34.017480057948546], [53.375852362947796, 24.34844407368102]], [[23.18455936089095, 65.6881047179985], [31.314098469884193, 67.01826673231187], [26.126352835458867, 70.01791519897147], [23.18455936089095, 65.6881047179985]], [[5.544219150960803, 0.37892973072594316], [2.300967156618054, 6.771718625779382], [-6.078770052874699, 2.0254428498978245], [5.544219150960803, 0.37892973072594316]], [[73.04404278860889, 20.306356197919868], [71.86689835658403, 28.368551186424995], [65.84776328801392, 20.400519211782285], [73.04404278860889, 20.306356197919868]], [[78.50765632974718, 1.440446100862438], [71.53080768296468, 5.354134543784779], [67.29750024636112, -4.723155633119631], [78.50765632974718, 1.440446100862438]], [[15.355357166288792, 54.064456167218765], [22.619086878681294, 55.723551734323706], [20.63827048573247, 59.312627845938806], [15.355357166288792, 54.064456167218765]], [[26.443044311427943, 59.87720313898627], [19.237665634742164, 71.41541995710884], [20.727131872998843, 59.24456543895096], [26.443044311427943, 59.87720313898627]], [[48.84830859456751, 